frequency_thz,vdos
0.000000000000e+00,0.000000000000e+00
2.441406250000e-01,6.938473105048e+02
4.882812500000e-01,7.712499094826e+02
7.324218750000e-01,8.978372373519e+02
9.765625000000e-01,1.480394680225e+03
1.220703125000e+00,1.490485571649e+03
1.464843750000e+00,2.245574863699e+03
1.708984375000e+00,3.241913341682e+03
1.953125000000e+00,5.198369734667e+03
2.197265625000e+00,7.130377035183e+03
2.441406250000e+00,3.101378518223e+04
2.685546875000e+00,9.512826055660e+04
2.929687500000e+00,1.336202477503e+04
3.173828125000e+00,1.178026560954e+04
3.417968750000e+00,3.434324856879e+04
3.662109375000e+00,1.509178240388e+05
3.906250000000e+00,4.161449959707e+04
4.150390625000e+00,2.497441669108e+04
4.394531250000e+00,8.110383622695e+04
4.638671875000e+00,7.885574623977e+04
4.882812500000e+00,3.144406338427e+04
5.126953125000e+00,8.135361333995e+04
5.371093750000e+00,1.594470183306e+05
5.615234375000e+00,1.752736998688e+05
5.859375000000e+00,6.860282767128e+04
6.103515625000e+00,2.637941568553e+04
6.347656250000e+00,4.032602289439e+04
6.591796875000e+00,4.765430698713e+04
6.835937500000e+00,4.959260082854e+04
7.080078125000e+00,6.046256937267e+04
7.324218750000e+00,1.003708341725e+05
7.568359375000e+00,3.996164522422e+04
7.812500000000e+00,3.328564531621e+04
8.056640625000e+00,1.845907512231e+04
8.300781250000e+00,2.009587783620e+04
8.544921875000e+00,7.810838003502e+03
8.789062500000e+00,5.061464083415e+03
9.033203125000e+00,5.156518909322e+03
9.277343750000e+00,5.408357435502e+03
9.521484375000e+00,3.368961059420e+03
9.765625000000e+00,2.442818694475e+03
1.000976562500e+01,3.584690433651e+03
1.025390625000e+01,2.411474815748e+03
1.049804687500e+01,1.824730059081e+03
1.074218750000e+01,1.941239744449e+03
1.098632812500e+01,2.414532612252e+03
1.123046875000e+01,1.996040635525e+03
1.147460937500e+01,1.380931198393e+03
1.171875000000e+01,9.167190398722e+02
1.196289062500e+01,1.091243888356e+03
1.220703125000e+01,7.781552275812e+02
1.245117187500e+01,7.127909158451e+02
1.269531250000e+01,1.014427831832e+03
1.293945312500e+01,8.073993146128e+02
1.318359375000e+01,7.446141874152e+02
1.342773437500e+01,4.761965766941e+02
1.367187500000e+01,4.686199225142e+02
1.391601562500e+01,4.248214461972e+02
1.416015625000e+01,3.737796691039e+02
1.440429687500e+01,2.627260964373e+02
1.464843750000e+01,2.748716810026e+02
1.489257812500e+01,2.334553916281e+02
1.513671875000e+01,2.113959886955e+02
1.538085937500e+01,1.789389781919e+02
1.562500000000e+01,1.658426552936e+02
1.586914062500e+01,1.468646439232e+02
1.611328125000e+01,1.346275532616e+02
1.635742187500e+01,1.327292654024e+02
1.660156250000e+01,1.043662865802e+02
1.684570312500e+01,9.451018240652e+01
1.708984375000e+01,1.009029378784e+02
1.733398437500e+01,8.983982620196e+01
1.757812500000e+01,7.598518760574e+01
1.782226562500e+01,7.774390982002e+01
1.806640625000e+01,7.880198788418e+01
1.831054687500e+01,6.575294536596e+01
1.855468750000e+01,6.207574245085e+01
1.879882812500e+01,6.783625167237e+01
1.904296875000e+01,5.989845997888e+01
1.928710937500e+01,6.020893324633e+01
1.953125000000e+01,5.788317046211e+01
1.977539062500e+01,5.170361479565e+01
2.001953125000e+01,5.838072281290e+01
2.026367187500e+01,4.927418987145e+01
2.050781250000e+01,4.791206108425e+01
2.075195312500e+01,4.133443533208e+01
2.099609375000e+01,3.995678404893e+01
2.124023437500e+01,3.684302828058e+01
2.148437500000e+01,3.215830923360e+01
2.172851562500e+01,3.454613944065e+01
2.197265625000e+01,2.910168887946e+01
2.221679687500e+01,2.971133793979e+01
2.246093750000e+01,3.200897583940e+01
2.270507812500e+01,2.719288358577e+01
2.294921875000e+01,2.411240452742e+01
2.319335937500e+01,2.476905945499e+01
2.343750000000e+01,2.256609119485e+01
2.368164062500e+01,2.104679646541e+01
2.392578125000e+01,2.079616654686e+01
2.416992187500e+01,2.118462524838e+01
2.441406250000e+01,1.890030825967e+01
2.465820312500e+01,1.807798716202e+01
2.490234375000e+01,1.871753028171e+01
2.514648437500e+01,1.851521042352e+01
2.539062500000e+01,1.642054441434e+01
2.563476562500e+01,1.543859909818e+01
2.587890625000e+01,1.588172400474e+01
2.612304687500e+01,1.640433998004e+01
2.636718750000e+01,1.446290201922e+01
2.661132812500e+01,1.515162180633e+01
2.685546875000e+01,1.449865417596e+01
2.709960937500e+01,1.388836176935e+01
2.734375000000e+01,1.374133943622e+01
2.758789062500e+01,1.320152687503e+01
2.783203125000e+01,1.334463819768e+01
2.807617187500e+01,1.250040490272e+01
2.832031250000e+01,1.213693662010e+01
2.856445312500e+01,1.210596877503e+01
2.880859375000e+01,1.197985757909e+01
2.905273437500e+01,1.145955506925e+01
2.929687500000e+01,1.134303910713e+01
2.954101562500e+01,1.092385189332e+01
2.978515625000e+01,1.075993317492e+01
3.002929687500e+01,1.043992885529e+01
3.027343750000e+01,1.020017955566e+01
3.051757812500e+01,1.000981947201e+01
3.076171875000e+01,9.961619588243e+00
3.100585937500e+01,9.571282632272e+00
3.125000000000e+01,9.619641587581e+00
3.149414062500e+01,9.299330196699e+00
3.173828125000e+01,9.177072111827e+00
3.198242187500e+01,9.077916832967e+00
3.222656250000e+01,8.797487128960e+00
3.247070312500e+01,8.566550603860e+00
3.271484375000e+01,8.540887431329e+00
3.295898437500e+01,8.292536576590e+00
3.320312500000e+01,8.211553642728e+00
3.344726562500e+01,8.105556665658e+00
3.369140625000e+01,7.956260036698e+00
3.393554687500e+01,7.822625226520e+00
3.417968750000e+01,7.695760463585e+00
3.442382812500e+01,7.527886363189e+00
3.466796875000e+01,7.452280408152e+00
3.491210937500e+01,7.383292668686e+00
3.515625000000e+01,7.207787346129e+00
3.540039062500e+01,7.123372737192e+00
3.564453125000e+01,7.101078816160e+00
3.588867187500e+01,6.906651007607e+00
3.613281250000e+01,6.775574020029e+00
3.637695312500e+01,6.746991196157e+00
3.662109375000e+01,6.607495332592e+00
3.686523437500e+01,6.523587776808e+00
3.710937500000e+01,6.447973444363e+00
3.735351562500e+01,6.330285645333e+00
3.759765625000e+01,6.238368638393e+00
3.784179687500e+01,6.179494477922e+00
3.808593750000e+01,6.070087161824e+00
3.833007812500e+01,5.998536299978e+00
3.857421875000e+01,5.890534244373e+00
3.881835937500e+01,5.829124458964e+00
3.906250000000e+01,5.775669950951e+00
3.930664062500e+01,5.672139717767e+00
3.955078125000e+01,5.602429565201e+00
3.979492187500e+01,5.532659047969e+00
4.003906250000e+01,5.453819112723e+00
4.028320312500e+01,5.384020307333e+00
4.052734375000e+01,5.314997573083e+00
4.077148437500e+01,5.248585499687e+00
4.101562500000e+01,5.182297325320e+00
4.125976562500e+01,5.115005251174e+00
4.150390625000e+01,5.040923800635e+00
4.174804687500e+01,4.989072733561e+00
4.199218750000e+01,4.932568318944e+00
4.223632812500e+01,4.868119065639e+00
4.248046875000e+01,4.809780392425e+00
4.272460937500e+01,4.751616554691e+00
4.296875000000e+01,4.691035007977e+00
4.321289062500e+01,4.634513712665e+00
4.345703125000e+01,4.580737367170e+00
4.370117187500e+01,4.524772949972e+00
4.394531250000e+01,4.472953301802e+00
4.418945312500e+01,4.425306339650e+00
4.443359375000e+01,4.370524638992e+00
4.467773437500e+01,4.314727727924e+00
4.492187500000e+01,4.269645882964e+00
4.516601562500e+01,4.218501883072e+00
4.541015625000e+01,4.174256701259e+00
4.565429687500e+01,4.131985560106e+00
4.589843750000e+01,4.084478024372e+00
4.614257812500e+01,4.034571257593e+00
4.638671875000e+01,3.994094527625e+00
4.663085937500e+01,3.948179449939e+00
4.687500000000e+01,3.905467715415e+00
4.711914062500e+01,3.863087108303e+00
4.736328125000e+01,3.822139236056e+00
4.760742187500e+01,3.782316001500e+00
4.785156250000e+01,3.741077362237e+00
4.809570312500e+01,3.701290162659e+00
4.833984375000e+01,3.665040605752e+00
4.858398437500e+01,3.624604812861e+00
4.882812500000e+01,3.587406402287e+00
4.907226562500e+01,3.548654824735e+00
4.931640625000e+01,3.514787724803e+00
4.956054687500e+01,3.478340767155e+00
4.980468750000e+01,3.444280109572e+00
5.004882812500e+01,3.407425605396e+00
5.029296875000e+01,3.372031811537e+00
5.053710937500e+01,3.340263400572e+00
5.078125000000e+01,3.306996080859e+00
5.102539062500e+01,3.271951068452e+00
5.126953125000e+01,3.242387200350e+00
5.151367187500e+01,3.206831578850e+00
5.175781250000e+01,3.176981915549e+00
5.200195312500e+01,3.147487961624e+00
5.224609375000e+01,3.117371619241e+00
5.249023437500e+01,3.087315374740e+00
5.273437500000e+01,3.058275006957e+00
5.297851562500e+01,3.027095907383e+00
5.322265625000e+01,2.998580927626e+00
5.346679687500e+01,2.973525550775e+00
5.371093750000e+01,2.943734318244e+00
5.395507812500e+01,2.915309773331e+00
5.419921875000e+01,2.888576459191e+00
5.444335937500e+01,2.863330127488e+00
5.468750000000e+01,2.836296601760e+00
5.493164062500e+01,2.809565536648e+00
5.517578125000e+01,2.784899880752e+00
5.541992187500e+01,2.759984995855e+00
5.566406250000e+01,2.733783029996e+00
5.590820312500e+01,2.710158055919e+00
5.615234375000e+01,2.686247262959e+00
5.639648437500e+01,2.662956045608e+00
5.664062500000e+01,2.639719991527e+00
5.688476562500e+01,2.615577848451e+00
5.712890625000e+01,2.593891577024e+00
5.737304687500e+01,2.571049416555e+00
5.761718750000e+01,2.547531339617e+00
5.786132812500e+01,2.526505707238e+00
5.810546875000e+01,2.503913380606e+00
5.834960937500e+01,2.483034015558e+00
5.859375000000e+01,2.463153989954e+00
5.883789062500e+01,2.439435165249e+00
5.908203125000e+01,2.420215692774e+00
5.932617187500e+01,2.400563015303e+00
5.957031250000e+01,2.379723291167e+00
5.981445312500e+01,2.360221354527e+00
6.005859375000e+01,2.341069315574e+00
6.030273437500e+01,2.321485139715e+00
6.054687500000e+01,2.301823475737e+00
6.079101562500e+01,2.282548307082e+00
6.103515625000e+01,2.264391234149e+00
6.127929687500e+01,2.246191556275e+00
6.152343750000e+01,2.228714085956e+00
6.176757812500e+01,2.210337435507e+00
6.201171875000e+01,2.192505847314e+00
6.225585937500e+01,2.175083318375e+00
6.250000000000e+01,2.157967917899e+00
6.274414062500e+01,2.140887158617e+00
6.298828125000e+01,2.124379611861e+00
6.323242187500e+01,2.107248495115e+00
6.347656250000e+01,2.091015095510e+00
6.372070312500e+01,2.075084385405e+00
6.396484375000e+01,2.058108206621e+00
6.420898437500e+01,2.042960729314e+00
6.445312500000e+01,2.027304351158e+00
6.469726562500e+01,2.011378106558e+00
6.494140625000e+01,1.996828850995e+00
6.518554687500e+01,1.981330072894e+00
6.542968750000e+01,1.966172036113e+00
6.567382812500e+01,1.951524132020e+00
6.591796875000e+01,1.937302627274e+00
6.616210937500e+01,1.923023759773e+00
6.640625000000e+01,1.908567006869e+00
6.665039062500e+01,1.893897132955e+00
6.689453125000e+01,1.880174808950e+00
6.713867187500e+01,1.866285915133e+00
6.738281250000e+01,1.852826067810e+00
6.762695312500e+01,1.839557797914e+00
6.787109375000e+01,1.825767344195e+00
6.811523437500e+01,1.812625128383e+00
6.835937500000e+01,1.799556727423e+00
6.860351562500e+01,1.787034177722e+00
6.884765625000e+01,1.773869609909e+00
6.909179687500e+01,1.761111665123e+00
6.933593750000e+01,1.749018641972e+00
6.958007812500e+01,1.736275626668e+00
6.982421875000e+01,1.724208661563e+00
7.006835937500e+01,1.712022774548e+00
7.031250000000e+01,1.700055354400e+00
7.055664062500e+01,1.688129085167e+00
7.080078125000e+01,1.676632315035e+00
7.104492187500e+01,1.665055633780e+00
7.128906250000e+01,1.653758180119e+00
7.153320312500e+01,1.642202079499e+00
7.177734375000e+01,1.631014334182e+00
7.202148437500e+01,1.619831838872e+00
7.226562500000e+01,1.609073448460e+00
7.250976562500e+01,1.597982868138e+00
7.275390625000e+01,1.587384194978e+00
7.299804687500e+01,1.576774186141e+00
7.324218750000e+01,1.565975634213e+00
7.348632812500e+01,1.555903735355e+00
7.373046875000e+01,1.545340471764e+00
7.397460937500e+01,1.534942547806e+00
7.421875000000e+01,1.525094088760e+00
7.446289062500e+01,1.515147031595e+00
7.470703125000e+01,1.504886308072e+00
7.495117187500e+01,1.495361474440e+00
7.519531250000e+01,1.485743640349e+00
7.543945312500e+01,1.475740332473e+00
7.568359375000e+01,1.466500584561e+00
7.592773437500e+01,1.457052549995e+00
7.617187500000e+01,1.447628221027e+00
7.641601562500e+01,1.438357620392e+00
7.666015625000e+01,1.429309150519e+00
7.690429687500e+01,1.420181192000e+00
7.714843750000e+01,1.411286144189e+00
7.739257812500e+01,1.402141851707e+00
7.763671875000e+01,1.393488271132e+00
7.788085937500e+01,1.384870245552e+00
7.812500000000e+01,1.376022151824e+00
7.836914062500e+01,1.367366932822e+00
7.861328125000e+01,1.359329809750e+00
7.885742187500e+01,1.350779739440e+00
7.910156250000e+01,1.342359716371e+00
7.934570312500e+01,1.334223012976e+00
7.958984375000e+01,1.326055597412e+00
7.983398437500e+01,1.318008601758e+00
8.007812500000e+01,1.310135517236e+00
8.032226562500e+01,1.301992600454e+00
8.056640625000e+01,1.294215361694e+00
8.081054687500e+01,1.286395642541e+00
8.105468750000e+01,1.278654395962e+00
8.129882812500e+01,1.271129754443e+00
8.154296875000e+01,1.263587636635e+00
8.178710937500e+01,1.256036057135e+00
8.203125000000e+01,1.248496728089e+00
8.227539062500e+01,1.241297726634e+00
8.251953125000e+01,1.233790445561e+00
8.276367187500e+01,1.226703793091e+00
8.300781250000e+01,1.219610154784e+00
8.325195312500e+01,1.212418842773e+00
8.349609375000e+01,1.205405140843e+00
8.374023437500e+01,1.198448795366e+00
8.398437500000e+01,1.191478650103e+00
8.422851562500e+01,1.184674559300e+00
8.447265625000e+01,1.177960010813e+00
8.471679687500e+01,1.171040437199e+00
8.496093750000e+01,1.164462782137e+00
8.520507812500e+01,1.157890349084e+00
8.544921875000e+01,1.151284979461e+00
8.569335937500e+01,1.144768398330e+00
8.593750000000e+01,1.138293918905e+00
8.618164062500e+01,1.131983876804e+00
8.642578125000e+01,1.125580330413e+00
8.666992187500e+01,1.119422432820e+00
8.691406250000e+01,1.113107724858e+00
8.715820312500e+01,1.106957983954e+00
8.740234375000e+01,1.100897290660e+00
8.764648437500e+01,1.094803100230e+00
8.789062500000e+01,1.088756870057e+00
8.813476562500e+01,1.082811351149e+00
8.837890625000e+01,1.076902570103e+00
8.862304687500e+01,1.071027302268e+00
8.886718750000e+01,1.065238735524e+00
8.911132812500e+01,1.059453688792e+00
8.935546875000e+01,1.053752541358e+00
8.959960937500e+01,1.048022709294e+00
8.984375000000e+01,1.042457270663e+00
9.008789062500e+01,1.036878508728e+00
9.033203125000e+01,1.031388230734e+00
9.057617187500e+01,1.025878412885e+00
9.082031250000e+01,1.020490525877e+00
9.106445312500e+01,1.015024178928e+00
9.130859375000e+01,1.009723083486e+00
9.155273437500e+01,1.004453205730e+00
9.179687500000e+01,9.991449284420e-01
9.204101562500e+01,9.938976327448e-01
9.228515625000e+01,9.887443024945e-01
9.252929687500e+01,9.835843584360e-01
9.277343750000e+01,9.785047088324e-01
9.301757812500e+01,9.734923567939e-01
9.326171875000e+01,9.684471836003e-01
9.350585937500e+01,9.634588107508e-01
9.375000000000e+01,9.585544526360e-01
9.399414062500e+01,9.536377743612e-01
9.423828125000e+01,9.487810103689e-01
9.448242187500e+01,9.439214832328e-01
9.472656250000e+01,9.391535867868e-01
9.497070312500e+01,9.344971125089e-01
9.521484375000e+01,9.297711891603e-01
9.545898437500e+01,9.251109663125e-01
9.570312500000e+01,9.204967885611e-01
9.594726562500e+01,9.158044396211e-01
9.619140625000e+01,9.112512754077e-01
9.643554687500e+01,9.068019480152e-01
9.667968750000e+01,9.022862607587e-01
9.692382812500e+01,8.978219000456e-01
9.716796875000e+01,8.933576482647e-01
9.741210937500e+01,8.890170919124e-01
9.765625000000e+01,8.846559002942e-01
9.790039062500e+01,8.803370745823e-01
9.814453125000e+01,8.760483036530e-01
9.838867187500e+01,8.717655735899e-01
9.863281250000e+01,8.675754930991e-01
9.887695312500e+01,8.633179743492e-01
9.912109375000e+01,8.592051343185e-01
9.936523437500e+01,8.550959950423e-01
9.960937500000e+01,8.509357118944e-01
9.985351562500e+01,8.468622135955e-01
1.000976562500e+02,8.428879852475e-01
1.003417968750e+02,8.388693506793e-01
1.005859375000e+02,8.349060006775e-01
1.008300781250e+02,8.309499037757e-01
1.010742187500e+02,8.269914379282e-01
1.013183593750e+02,8.231117867784e-01
1.015625000000e+02,8.192192815005e-01
1.018066406250e+02,8.154222971108e-01
1.020507812500e+02,8.116381012709e-01
1.022949218750e+02,8.078211997483e-01
1.025390625000e+02,8.040920587806e-01
1.027832031250e+02,8.003457648908e-01
1.030273437500e+02,7.966662146998e-01
1.032714843750e+02,7.929869221346e-01
1.035156250000e+02,7.893656775077e-01
1.037597656250e+02,7.856972284005e-01
1.040039062500e+02,7.821222750342e-01
1.042480468750e+02,7.785706950764e-01
1.044921875000e+02,7.750251452037e-01
1.047363281250e+02,7.715219807806e-01
1.049804687500e+02,7.680318291310e-01
1.052246093750e+02,7.645371739404e-01
1.054687500000e+02,7.610975730752e-01
1.057128906250e+02,7.576998222661e-01
1.059570312500e+02,7.542838342197e-01
1.062011718750e+02,7.509206306182e-01
1.064453125000e+02,7.475598210606e-01
1.066894531250e+02,7.442462924597e-01
1.069335937500e+02,7.409626318537e-01
1.071777343750e+02,7.376802694213e-01
1.074218750000e+02,7.344116086479e-01
1.076660156250e+02,7.311830206561e-01
1.079101562500e+02,7.279625745796e-01
1.081542968750e+02,7.247762113337e-01
1.083984375000e+02,7.216388813834e-01
1.086425781250e+02,7.184655164891e-01
1.088867187500e+02,7.153494853817e-01
1.091308593750e+02,7.122566302092e-01
1.093750000000e+02,7.091598946085e-01
1.096191406250e+02,7.060996466555e-01
1.098632812500e+02,7.030740186178e-01
1.101074218750e+02,7.000444316572e-01
1.103515625000e+02,6.970352628627e-01
1.105957031250e+02,6.940646031963e-01
1.108398437500e+02,6.910963728388e-01
1.110839843750e+02,6.881500353080e-01
1.113281250000e+02,6.852489314059e-01
1.115722656250e+02,6.823271803387e-01
1.118164062500e+02,6.794639572043e-01
1.120605468750e+02,6.766249075322e-01
1.123046875000e+02,6.737468133725e-01
1.125488281250e+02,6.709157307215e-01
1.127929687500e+02,6.680987445495e-01
1.130371093750e+02,6.653334366515e-01
1.132812500000e+02,6.625601785947e-01
1.135253906250e+02,6.598149762008e-01
1.137695312500e+02,6.570810215796e-01
1.140136718750e+02,6.543549112144e-01
1.142578125000e+02,6.516634550192e-01
1.145019531250e+02,6.489919095108e-01
1.147460937500e+02,6.463118976490e-01
1.149902343750e+02,6.436844879240e-01
1.152343750000e+02,6.410380705034e-01
1.154785156250e+02,6.384375197836e-01
1.157226562500e+02,6.358443209254e-01
1.159667968750e+02,6.332565284811e-01
1.162109375000e+02,6.307060352419e-01
1.164550781250e+02,6.281645207487e-01
1.166992187500e+02,6.256263453864e-01
1.169433593750e+02,6.231056790041e-01
1.171875000000e+02,6.206221730167e-01
1.174316406250e+02,6.181150954223e-01
1.176757812500e+02,6.156619764605e-01
1.179199218750e+02,6.132112054740e-01
1.181640625000e+02,6.107907713877e-01
1.184082031250e+02,6.083618901859e-01
1.186523437500e+02,6.059488712442e-01
1.188964843750e+02,6.035562031272e-01
1.191406250000e+02,6.011797059795e-01
1.193847656250e+02,5.988247727879e-01
1.196289062500e+02,5.964877124476e-01
1.198730468750e+02,5.941534704325e-01
1.201171875000e+02,5.918402326746e-01
1.203613281250e+02,5.895209481518e-01
1.206054687500e+02,5.872334211026e-01
1.208496093750e+02,5.849710982093e-01
1.210937500000e+02,5.826968005511e-01
1.213378906250e+02,5.804650470327e-01
1.215820312500e+02,5.782331434398e-01
1.218261718750e+02,5.760071479366e-01
1.220703125000e+02,5.738003613408e-01
1.223144531250e+02,5.715999032998e-01
1.225585937500e+02,5.694294456758e-01
1.228027343750e+02,5.672603784421e-01
1.230468750000e+02,5.651004424913e-01
1.232910156250e+02,5.629712593599e-01
1.235351562500e+02,5.608404720625e-01
1.237792968750e+02,5.587263512440e-01
1.240234375000e+02,5.566227718922e-01
1.242675781250e+02,5.545331397030e-01
1.245117187500e+02,5.524514824319e-01
1.247558593750e+02,5.503897064504e-01
1.250000000000e+02,5.483335664158e-01
1.252441406250e+02,5.462971417836e-01
1.254882812500e+02,5.442672571424e-01
1.257324218750e+02,5.422480916891e-01
1.259765625000e+02,5.402522416248e-01
1.262207031250e+02,5.382551050884e-01
1.264648437500e+02,5.362731565827e-01
1.267089843750e+02,5.343009384951e-01
1.269531250000e+02,5.323416646450e-01
1.271972656250e+02,5.303971186145e-01
1.274414062500e+02,5.284588450692e-01
1.276855468750e+02,5.265383033470e-01
1.279296875000e+02,5.246242732312e-01
1.281738281250e+02,5.227213030554e-01
1.284179687500e+02,5.208349364426e-01
1.286621093750e+02,5.189490993028e-01
1.289062500000e+02,5.170832521255e-01
1.291503906250e+02,5.152197797701e-01
1.293945312500e+02,5.133720797893e-01
1.296386718750e+02,5.115347891873e-01
1.298828125000e+02,5.097103653929e-01
1.301269531250e+02,5.078921443604e-01
1.303710937500e+02,5.060903648883e-01
1.306152343750e+02,5.042907221097e-01
1.308593750000e+02,5.025043059381e-01
1.311035156250e+02,5.007259626700e-01
1.313476562500e+02,4.989627773308e-01
1.315917968750e+02,4.972077102567e-01
1.318359375000e+02,4.954599508922e-01
1.320800781250e+02,4.937239601077e-01
1.323242187500e+02,4.919968260066e-01
1.325683593750e+02,4.902823957745e-01
1.328125000000e+02,4.885734977638e-01
1.330566406250e+02,4.868762887309e-01
1.333007812500e+02,4.851856266854e-01
1.335449218750e+02,4.835109401772e-01
1.337890625000e+02,4.818349178096e-01
1.340332031250e+02,4.801762481249e-01
1.342773437500e+02,4.785240633559e-01
1.345214843750e+02,4.768854554232e-01
1.347656250000e+02,4.752504347276e-01
1.350097656250e+02,4.736273637054e-01
1.352539062500e+02,4.720110278022e-01
1.354980468750e+02,4.704023782166e-01
1.357421875000e+02,4.688060250389e-01
1.359863281250e+02,4.672156336430e-01
1.362304687500e+02,4.656328659818e-01
1.364746093750e+02,4.640672658383e-01
1.367187500000e+02,4.625025900813e-01
1.369628906250e+02,4.609466658775e-01
1.372070312500e+02,4.594003399219e-01
1.374511718750e+02,4.578562465898e-01
1.376953125000e+02,4.563303696414e-01
1.379394531250e+02,4.548096649646e-01
1.381835937500e+02,4.532963853985e-01
1.384277343750e+02,4.517901930514e-01
1.386718750000e+02,4.502942206635e-01
1.389160156250e+02,4.488023388111e-01
1.391601562500e+02,4.473189043135e-01
1.394042968750e+02,4.458472279072e-01
1.396484375000e+02,4.443832981181e-01
1.398925781250e+02,4.429228680012e-01
1.401367187500e+02,4.414734390313e-01
1.403808593750e+02,4.400288110063e-01
1.406250000000e+02,4.385947863581e-01
1.408691406250e+02,4.371681037141e-01
1.411132812500e+02,4.357460737871e-01
1.413574218750e+02,4.343338352615e-01
1.416015625000e+02,4.329296116867e-01
1.418457031250e+02,4.315296920560e-01
1.420898437500e+02,4.301387723984e-01
1.423339843750e+02,4.287579140343e-01
1.425781250000e+02,4.273786974565e-01
1.428222656250e+02,4.260120356960e-01
1.430664062500e+02,4.246508463685e-01
1.433105468750e+02,4.232927666421e-01
1.435546875000e+02,4.219443264021e-01
1.437988281250e+02,4.206022980436e-01
1.440429687500e+02,4.192697000607e-01
1.442871093750e+02,4.179425432235e-01
1.445312500000e+02,4.166226480086e-01
1.447753906250e+02,4.153087854802e-01
1.450195312500e+02,4.140007309402e-01
1.452636718750e+02,4.127004451319e-01
1.455078125000e+02,4.114047136558e-01
1.457519531250e+02,4.101180472327e-01
1.459960937500e+02,4.088397072885e-01
1.462402343750e+02,4.075631798343e-01
1.464843750000e+02,4.062969829450e-01
1.467285156250e+02,4.050356491239e-01
1.469726562500e+02,4.037785115277e-01
1.472167968750e+02,4.025304542181e-01
1.474609375000e+02,4.012877210266e-01
1.477050781250e+02,4.000509226420e-01
1.479492187500e+02,3.988221574945e-01
1.481933593750e+02,3.975979770573e-01
1.484375000000e+02,3.963795094226e-01
1.486816406250e+02,3.951672793148e-01
1.489257812500e+02,3.939622492543e-01
1.491699218750e+02,3.927621637355e-01
1.494140625000e+02,3.915691430471e-01
1.496582031250e+02,3.903802674354e-01
1.499023437500e+02,3.891981067915e-01
1.501464843750e+02,3.880217148362e-01
1.503906250000e+02,3.868517136643e-01
1.506347656250e+02,3.856869186379e-01
1.508789062500e+02,3.845278412629e-01
1.511230468750e+02,3.833752147098e-01
1.513671875000e+02,3.822261956271e-01
1.516113281250e+02,3.810846439381e-01
1.518554687500e+02,3.799485007897e-01
1.520996093750e+02,3.788169943981e-01
1.523437500000e+02,3.776920949237e-01
1.525878906250e+02,3.765716039712e-01
1.528320312500e+02,3.754572090372e-01
1.530761718750e+02,3.743480936506e-01
1.533203125000e+02,3.732440998680e-01
1.535644531250e+02,3.721457812909e-01
1.538085937500e+02,3.710522240061e-01
1.540527343750e+02,3.699643287975e-01
1.542968750000e+02,3.688816119592e-01
1.545410156250e+02,3.678043776489e-01
1.547851562500e+02,3.667320642993e-01
1.550292968750e+02,3.656644254031e-01
1.552734375000e+02,3.646020763015e-01
1.555175781250e+02,3.635448137861e-01
1.557617187500e+02,3.624928978621e-01
1.560058593750e+02,3.614456669243e-01
1.562500000000e+02,3.604035986720e-01
1.564941406250e+02,3.593667101331e-01
1.567382812500e+02,3.583339253766e-01
1.569824218750e+02,3.573068623112e-01
1.572265625000e+02,3.562842736034e-01
1.574707031250e+02,3.552663279364e-01
1.577148437500e+02,3.542531057970e-01
1.579589843750e+02,3.532447956207e-01
1.582031250000e+02,3.522418593786e-01
1.584472656250e+02,3.512426447018e-01
1.586914062500e+02,3.502488475492e-01
1.589355468750e+02,3.492589036398e-01
1.591796875000e+02,3.482740271892e-01
1.594238281250e+02,3.472937240167e-01
1.596679687500e+02,3.463178267152e-01
1.599121093750e+02,3.453466240975e-01
1.601562500000e+02,3.443798072988e-01
1.604003906250e+02,3.434170173462e-01
1.606445312500e+02,3.424592648706e-01
1.608886718750e+02,3.415062680180e-01
1.611328125000e+02,3.405570825941e-01
1.613769531250e+02,3.396123233746e-01
1.616210937500e+02,3.386719417919e-01
1.618652343750e+02,3.377354998196e-01
1.621093750000e+02,3.368038516431e-01
1.623535156250e+02,3.358764875578e-01
1.625976562500e+02,3.349530541867e-01
1.628417968750e+02,3.340341075404e-01
1.630859375000e+02,3.331189478339e-01
1.633300781250e+02,3.322082194191e-01
1.635742187500e+02,3.313014627218e-01
1.638183593750e+02,3.303986085577e-01
1.640625000000e+02,3.295002090984e-01
1.643066406250e+02,3.286058253469e-01
1.645507812500e+02,3.277155922734e-01
1.647949218750e+02,3.268289811219e-01
1.650390625000e+02,3.259467442702e-01
1.652832031250e+02,3.250682069207e-01
1.655273437500e+02,3.241936527354e-01
1.657714843750e+02,3.233232340772e-01
1.660156250000e+02,3.224562200005e-01
1.662597656250e+02,3.215934683823e-01
1.665039062500e+02,3.207345284693e-01
1.667480468750e+02,3.198791064398e-01
1.669921875000e+02,3.190276937858e-01
1.672363281250e+02,3.181803030285e-01
1.674804687500e+02,3.173363393966e-01
1.677246093750e+02,3.164960439951e-01
1.679687500000e+02,3.156597307692e-01
1.682128906250e+02,3.148269115615e-01
1.684570312500e+02,3.139975008440e-01
1.687011718750e+02,3.131722708113e-01
1.689453125000e+02,3.123506052821e-01
1.691894531250e+02,3.115324548779e-01
1.694335937500e+02,3.107179804802e-01
1.696777343750e+02,3.099067462715e-01
1.699218750000e+02,3.090991593274e-01
1.701660156250e+02,3.082950294649e-01
1.704101562500e+02,3.074943127240e-01
1.706542968750e+02,3.066974697611e-01
1.708984375000e+02,3.059038454727e-01
1.711425781250e+02,3.051138757059e-01
1.713867187500e+02,3.043271575057e-01
1.716308593750e+02,3.035437652398e-01
1.718750000000e+02,3.027641711284e-01
1.721191406250e+02,3.019873889696e-01
1.723632812500e+02,3.012141723666e-01
1.726074218750e+02,3.004445689331e-01
1.728515625000e+02,2.996775992101e-01
1.730957031250e+02,2.989144755359e-01
1.733398437500e+02,2.981543631276e-01
1.735839843750e+02,2.973975530439e-01
1.738281250000e+02,2.966440807596e-01
1.740722656250e+02,2.958938381480e-01
1.743164062500e+02,2.951464323005e-01
1.745605468750e+02,2.944024559951e-01
1.748046875000e+02,2.936617391780e-01
1.750488281250e+02,2.929240993160e-01
1.752929687500e+02,2.921897002105e-01
1.755371093750e+02,2.914583712459e-01
1.757812500000e+02,2.907298996409e-01
1.760253906250e+02,2.900046648191e-01
1.762695312500e+02,2.892824117013e-01
1.765136718750e+02,2.885630501138e-01
1.767578125000e+02,2.878470228122e-01
1.770019531250e+02,2.871340721359e-01
1.772460937500e+02,2.864237840775e-01
1.774902343750e+02,2.857163555274e-01
1.777343750000e+02,2.850123718699e-01
1.779785156250e+02,2.843111625409e-01
1.782226562500e+02,2.836127790500e-01
1.784667968750e+02,2.829171490979e-01
1.787109375000e+02,2.822247252370e-01
1.789550781250e+02,2.815349943039e-01
1.791992187500e+02,2.808482814166e-01
1.794433593750e+02,2.801644586686e-01
1.796875000000e+02,2.794832135264e-01
1.799316406250e+02,2.788047471708e-01
1.801757812500e+02,2.781289480739e-01
1.804199218750e+02,2.774564268663e-01
1.806640625000e+02,2.767865220911e-01
1.809082031250e+02,2.761191802476e-01
1.811523437500e+02,2.754547415114e-01
1.813964843750e+02,2.747928501015e-01
1.816406250000e+02,2.741336114838e-01
1.818847656250e+02,2.734773186341e-01
1.821289062500e+02,2.728239027809e-01
1.823730468750e+02,2.721725412429e-01
1.826171875000e+02,2.715242251726e-01
1.828613281250e+02,2.708784613043e-01
1.831054687500e+02,2.702354113976e-01
1.833496093750e+02,2.695948331342e-01
1.835937500000e+02,2.689569097782e-01
1.838378906250e+02,2.683216815572e-01
1.840820312500e+02,2.676888695260e-01
1.843261718750e+02,2.670587051365e-01
1.845703125000e+02,2.664308561347e-01
1.848144531250e+02,2.658058487277e-01
1.850585937500e+02,2.651831899077e-01
1.853027343750e+02,2.645629257798e-01
1.855468750000e+02,2.639452394443e-01
1.857910156250e+02,2.633300761388e-01
1.860351562500e+02,2.627172962154e-01
1.862792968750e+02,2.621071854675e-01
1.865234375000e+02,2.614994147551e-01
1.867675781250e+02,2.608940011886e-01
1.870117187500e+02,2.602909604573e-01
1.872558593750e+02,2.596904827007e-01
1.875000000000e+02,2.590922633084e-01
1.877441406250e+02,2.584961293819e-01
1.879882812500e+02,2.579027877078e-01
1.882324218750e+02,2.573116500728e-01
1.884765625000e+02,2.567229030782e-01
1.887207031250e+02,2.561365116856e-01
1.889648437500e+02,2.555522824733e-01
1.892089843750e+02,2.549705272061e-01
1.894531250000e+02,2.543909418384e-01
1.896972656250e+02,2.538134839723e-01
1.899414062500e+02,2.532383241437e-01
1.901855468750e+02,2.526655455141e-01
1.904296875000e+02,2.520949200051e-01
1.906738281250e+02,2.515267516884e-01
1.909179687500e+02,2.509606474284e-01
1.911621093750e+02,2.503967309644e-01
1.914062500000e+02,2.498347587719e-01
1.916503906250e+02,2.492755184763e-01
1.918945312500e+02,2.487182232822e-01
1.921386718750e+02,2.481630913644e-01
1.923828125000e+02,2.476097846832e-01
1.926269531250e+02,2.470589143732e-01
1.928710937500e+02,2.465102298254e-01
1.931152343750e+02,2.459635853971e-01
1.933593750000e+02,2.454191182830e-01
1.936035156250e+02,2.448765807596e-01
1.938476562500e+02,2.443363486087e-01
1.940917968750e+02,2.437980597777e-01
1.943359375000e+02,2.432617814766e-01
1.945800781250e+02,2.427276176503e-01
1.948242187500e+02,2.421954860137e-01
1.950683593750e+02,2.416654491791e-01
1.953125000000e+02,2.411373351337e-01
1.955566406250e+02,2.406112855666e-01
1.958007812500e+02,2.400873872486e-01
1.960449218750e+02,2.395654848735e-01
1.962890625000e+02,2.390451320393e-01
1.965332031250e+02,2.385271993373e-01
1.967773437500e+02,2.380110176691e-01
1.970214843750e+02,2.374969651779e-01
1.972656250000e+02,2.369847119481e-01
1.975097656250e+02,2.364745523251e-01
1.977539062500e+02,2.359660758631e-01
1.979980468750e+02,2.354597330494e-01
1.982421875000e+02,2.349551401081e-01
1.984863281250e+02,2.344524089229e-01
1.987304687500e+02,2.339518544165e-01
1.989746093750e+02,2.334528991561e-01
1.992187500000e+02,2.329559675534e-01
1.994628906250e+02,2.324608834208e-01
1.997070312500e+02,2.319674234743e-01
1.999511718750e+02,2.314761188846e-01
2.001953125000e+02,2.309864182383e-01
2.004394531250e+02,2.304987660358e-01
2.006835937500e+02,2.300126128091e-01
2.009277343750e+02,2.295286319716e-01
2.011718750000e+02,2.290463143134e-01
2.014160156250e+02,2.285656750871e-01
2.016601562500e+02,2.280869457415e-01
2.019042968750e+02,2.276100989515e-01
2.021484375000e+02,2.271347329736e-01
2.023925781250e+02,2.266612322451e-01
2.026367187500e+02,2.261894439888e-01
2.028808593750e+02,2.257192958732e-01
2.031250000000e+02,2.252511568394e-01
2.033691406250e+02,2.247847613283e-01
2.036132812500e+02,2.243196937887e-01
2.038574218750e+02,2.238565734569e-01
2.041015625000e+02,2.233952718380e-01
2.043457031250e+02,2.229355050141e-01
2.045898437500e+02,2.224774239389e-01
2.048339843750e+02,2.220211247128e-01
2.050781250000e+02,2.215663158596e-01
2.053222656250e+02,2.211131940507e-01
2.055664062500e+02,2.206620329429e-01
2.058105468750e+02,2.202121227727e-01
2.060546875000e+02,2.197639844606e-01
2.062988281250e+02,2.193173873738e-01
2.065429687500e+02,2.188725150893e-01
2.067871093750e+02,2.184293765410e-01
2.070312500000e+02,2.179876921553e-01
2.072753906250e+02,2.175474696192e-01
2.075195312500e+02,2.171090376464e-01
2.077636718750e+02,2.166721612826e-01
2.080078125000e+02,2.162367059067e-01
2.082519531250e+02,2.158030505040e-01
2.084960937500e+02,2.153707948542e-01
2.087402343750e+02,2.149400860044e-01
2.089843750000e+02,2.145110783569e-01
2.092285156250e+02,2.140834535577e-01
2.094726562500e+02,2.136573476499e-01
2.097167968750e+02,2.132330929681e-01
2.099609375000e+02,2.128099875092e-01
2.102050781250e+02,2.123884016588e-01
2.104492187500e+02,2.119684630227e-01
2.106933593750e+02,2.115499979833e-01
2.109375000000e+02,2.111328998707e-01
2.111816406250e+02,2.107173849204e-01
2.114257812500e+02,2.103033088496e-01
2.116699218750e+02,2.098908087392e-01
2.119140625000e+02,2.094796880686e-01
2.121582031250e+02,2.090700633632e-01
2.124023437500e+02,2.086618382360e-01
2.126464843750e+02,2.082550315420e-01
2.128906250000e+02,2.078496539095e-01
2.131347656250e+02,2.074457273519e-01
2.133789062500e+02,2.070430613510e-01
2.136230468750e+02,2.066422446485e-01
2.138671875000e+02,2.062424747542e-01
2.141113281250e+02,2.058443042987e-01
2.143554687500e+02,2.054474414620e-01
2.145996093750e+02,2.050518444608e-01
2.148437500000e+02,2.046576066637e-01
2.150878906250e+02,2.042650098432e-01
2.153320312500e+02,2.038737217973e-01
2.155761718750e+02,2.034837022549e-01
2.158203125000e+02,2.030951096454e-01
2.160644531250e+02,2.027076117364e-01
2.163085937500e+02,2.023217873248e-01
2.165527343750e+02,2.019373192049e-01
2.167968750000e+02,2.015539179499e-01
2.170410156250e+02,2.011720889992e-01
2.172851562500e+02,2.007914133018e-01
2.175292968750e+02,2.004122083966e-01
2.177734375000e+02,2.000342297833e-01
2.180175781250e+02,1.996573533427e-01
2.182617187500e+02,1.992821847161e-01
2.185058593750e+02,1.989080013900e-01
2.187500000000e+02,1.985353331938e-01
2.189941406250e+02,1.981636158257e-01
2.192382812500e+02,1.977933931737e-01
2.194824218750e+02,1.974245461041e-01
2.197265625000e+02,1.970568966685e-01
2.199707031250e+02,1.966903899112e-01
2.202148437500e+02,1.963251672108e-01
2.204589843750e+02,1.959613002246e-01
2.207031250000e+02,1.955986072765e-01
2.209472656250e+02,1.952369999129e-01
2.211914062500e+02,1.948768731298e-01
2.214355468750e+02,1.945177139500e-01
2.216796875000e+02,1.941601176858e-01
2.219238281250e+02,1.938035282692e-01
2.221679687500e+02,1.934480520334e-01
2.224121093750e+02,1.930939430866e-01
2.226562500000e+02,1.927410072027e-01
2.229003906250e+02,1.923892942399e-01
2.231445312500e+02,1.920386974931e-01
2.233886718750e+02,1.916894027813e-01
2.236328125000e+02,1.913411466269e-01
2.238769531250e+02,1.909940602983e-01
2.241210937500e+02,1.906480910433e-01
2.243652343750e+02,1.903035287857e-01
2.246093750000e+02,1.899599257023e-01
2.248535156250e+02,1.896175901269e-01
2.250976562500e+02,1.892762650159e-01
2.253417968750e+02,1.889362326228e-01
2.255859375000e+02,1.885971998975e-01
2.258300781250e+02,1.882593136440e-01
2.260742187500e+02,1.879227912811e-01
2.263183593750e+02,1.875871969265e-01
2.265625000000e+02,1.872527055388e-01
2.268066406250e+02,1.869193955790e-01
2.270507812500e+02,1.865871859147e-01
2.272949218750e+02,1.862562154889e-01
2.275390625000e+02,1.859258756277e-01
2.277832031250e+02,1.855969786598e-01
2.280273437500e+02,1.852692313786e-01
2.282714843750e+02,1.849426531088e-01
2.285156250000e+02,1.846169095671e-01
2.287597656250e+02,1.842924088849e-01
2.290039062500e+02,1.839687804541e-01
2.292480468750e+02,1.836463620896e-01
2.294921875000e+02,1.833249489872e-01
2.297363281250e+02,1.830045613668e-01
2.299804687500e+02,1.826852930530e-01
2.302246093750e+02,1.823671795748e-01
2.304687500000e+02,1.820499557057e-01
2.307128906250e+02,1.817337772546e-01
2.309570312500e+02,1.814187910594e-01
2.312011718750e+02,1.811047334325e-01
2.314453125000e+02,1.807916881273e-01
2.316894531250e+02,1.804796994438e-01
2.319335937500e+02,1.801687321271e-01
2.321777343750e+02,1.798586834902e-01
2.324218750000e+02,1.795497471681e-01
2.326660156250e+02,1.792417283115e-01
2.329101562500e+02,1.789348062218e-01
2.331542968750e+02,1.786289636768e-01
2.333984375000e+02,1.783239900431e-01
2.336425781250e+02,1.780198712067e-01
2.338867187500e+02,1.777169372590e-01
2.341308593750e+02,1.774149128819e-01
2.343750000000e+02,1.771139341901e-01
2.346191406250e+02,1.768140935846e-01
2.348632812500e+02,1.765148415005e-01
2.351074218750e+02,1.762168088687e-01
2.353515625000e+02,1.759195968437e-01
2.355957031250e+02,1.756235371967e-01
2.358398437500e+02,1.753282093149e-01
2.360839843750e+02,1.750339700982e-01
2.363281250000e+02,1.747407195762e-01
2.365722656250e+02,1.744483123300e-01
2.368164062500e+02,1.741567508989e-01
2.370605468750e+02,1.738662419745e-01
2.373046875000e+02,1.735766918592e-01
2.375488281250e+02,1.732880164566e-01
2.377929687500e+02,1.730002713677e-01
2.380371093750e+02,1.727134446318e-01
2.382812500000e+02,1.724275779612e-01
2.385253906250e+02,1.721427277189e-01
2.387695312500e+02,1.718586266085e-01
2.390136718750e+02,1.715754071837e-01
2.392578125000e+02,1.712931392591e-01
2.395019531250e+02,1.710116885672e-01
2.397460937500e+02,1.707312764491e-01
2.399902343750e+02,1.704516672589e-01
2.402343750000e+02,1.701728748658e-01
2.404785156250e+02,1.698952052552e-01
2.407226562500e+02,1.696183294185e-01
2.409667968750e+02,1.693421704261e-01
2.412109375000e+02,1.690669638535e-01
2.414550781250e+02,1.687927303878e-01
2.416992187500e+02,1.685192539777e-01
2.419433593750e+02,1.682465592325e-01
2.421875000000e+02,1.679749266768e-01
2.424316406250e+02,1.677040111280e-01
2.426757812500e+02,1.674341024828e-01
2.429199218750e+02,1.671649386700e-01
2.431640625000e+02,1.668965569936e-01
2.434082031250e+02,1.666291129035e-01
2.436523437500e+02,1.663625308144e-01
2.438964843750e+02,1.660965593901e-01
2.441406250000e+02,1.658316998650e-01
2.443847656250e+02,1.655674041750e-01
2.446289062500e+02,1.653042204097e-01
2.448730468750e+02,1.650417228313e-01
2.451171875000e+02,1.647800486195e-01
2.453613281250e+02,1.645192687164e-01
2.456054687500e+02,1.642591332007e-01
2.458496093750e+02,1.639999566494e-01
2.460937500000e+02,1.637415484837e-01
2.463378906250e+02,1.634838525183e-01
2.465820312500e+02,1.632269963125e-01
2.468261718750e+02,1.629710379137e-01
2.470703125000e+02,1.627158197301e-01
2.473144531250e+02,1.624613980699e-01
2.475585937500e+02,1.622076536261e-01
2.478027343750e+02,1.619547967163e-01
2.480468750000e+02,1.617027107108e-01
2.482910156250e+02,1.614514764375e-01
2.485351562500e+02,1.612009180111e-01
2.487792968750e+02,1.609511194152e-01
2.490234375000e+02,1.607021872893e-01
2.492675781250e+02,1.604539463219e-01
2.495117187500e+02,1.602064019628e-01
2.497558593750e+02,1.599597884618e-01
2.500000000000e+02,1.597138285929e-01
2.502441406250e+02,1.594686630404e-01
2.504882812500e+02,1.592241699985e-01
2.507324218750e+02,1.589804821326e-01
2.509765625000e+02,1.587376042805e-01
2.512207031250e+02,1.584953299551e-01
2.514648437500e+02,1.582539506471e-01
2.517089843750e+02,1.580132714342e-01
2.519531250000e+02,1.577732352775e-01
2.521972656250e+02,1.575339736042e-01
2.524414062500e+02,1.572954962565e-01
2.526855468750e+02,1.570576733594e-01
2.529296875000e+02,1.568206089922e-01
2.531738281250e+02,1.565843106719e-01
2.534179687500e+02,1.563486806045e-01
2.536621093750e+02,1.561137406406e-01
2.539062500000e+02,1.558795679900e-01
2.541503906250e+02,1.556460596107e-01
2.543945312500e+02,1.554133037252e-01
2.546386718750e+02,1.551812038171e-01
2.548828125000e+02,1.549499161321e-01
2.551269531250e+02,1.547192171375e-01
2.553710937500e+02,1.544890840848e-01
2.556152343750e+02,1.542598647714e-01
2.558593750000e+02,1.540313437230e-01
2.561035156250e+02,1.538034803287e-01
2.563476562500e+02,1.535762176763e-01
2.565917968750e+02,1.533497203721e-01
2.568359375000e+02,1.531238061581e-01
2.570800781250e+02,1.528986749542e-01
2.573242187500e+02,1.526741916988e-01
2.575683593750e+02,1.524504316177e-01
2.578125000000e+02,1.522273627080e-01
2.580566406250e+02,1.520047441502e-01
2.583007812500e+02,1.517829569747e-01
2.585449218750e+02,1.515617844479e-01
2.587890625000e+02,1.513413682934e-01
2.590332031250e+02,1.511214371408e-01
2.592773437500e+02,1.509022986099e-01
2.595214843750e+02,1.506838275903e-01
2.597656250000e+02,1.504660150210e-01
2.600097656250e+02,1.502487331274e-01
2.602539062500e+02,1.500321647357e-01
2.604980468750e+02,1.498162717183e-01
2.607421875000e+02,1.496009647867e-01
2.609863281250e+02,1.493863134932e-01
2.612304687500e+02,1.491722734687e-01
2.614746093750e+02,1.489589436556e-01
2.617187500000e+02,1.487463300299e-01
2.619628906250e+02,1.485341671140e-01
2.622070312500e+02,1.483226514483e-01
2.624511718750e+02,1.481117771155e-01
2.626953125000e+02,1.479015580608e-01
2.629394531250e+02,1.476919538830e-01
2.631835937500e+02,1.474829819398e-01
2.634277343750e+02,1.472746047870e-01
2.636718750000e+02,1.470668690070e-01
2.639160156250e+02,1.468597490808e-01
2.641601562500e+02,1.466531938837e-01
2.644042968750e+02,1.464474016328e-01
2.646484375000e+02,1.462419479102e-01
2.648925781250e+02,1.460372546416e-01
2.651367187500e+02,1.458332111567e-01
2.653808593750e+02,1.456296768647e-01
2.656250000000e+02,1.454267972417e-01
2.658691406250e+02,1.452244643995e-01
2.661132812500e+02,1.450227308103e-01
2.663574218750e+02,1.448215757504e-01
2.666015625000e+02,1.446210982592e-01
2.668457031250e+02,1.444211198029e-01
2.670898437500e+02,1.442217321427e-01
2.673339843750e+02,1.440229271115e-01
2.675781250000e+02,1.438246267080e-01
2.678222656250e+02,1.436270760490e-01
2.680664062500e+02,1.434299676082e-01
2.683105468750e+02,1.432334440774e-01
2.685546875000e+02,1.430375649096e-01
2.687988281250e+02,1.428421744812e-01
2.690429687500e+02,1.426475610650e-01
2.692871093750e+02,1.424532518916e-01
2.695312500000e+02,1.422597269484e-01
2.697753906250e+02,1.420665980189e-01
2.700195312500e+02,1.418740401952e-01
2.702636718750e+02,1.416820741281e-01
2.705078125000e+02,1.414907170425e-01
2.707519531250e+02,1.412998412824e-01
2.709960937500e+02,1.411096239354e-01
2.712402343750e+02,1.409198745686e-01
2.714843750000e+02,1.407305964766e-01
2.717285156250e+02,1.405419443907e-01
2.719726562500e+02,1.403538868643e-01
2.722167968750e+02,1.401662993348e-01
2.724609375000e+02,1.399793661966e-01
2.727050781250e+02,1.397928124921e-01
2.729492187500e+02,1.396068748807e-01
2.731933593750e+02,1.394214479605e-01
2.734375000000e+02,1.392366201533e-01
2.736816406250e+02,1.390522677872e-01
2.739257812500e+02,1.388683963209e-01
2.741699218750e+02,1.386851590292e-01
2.744140625000e+02,1.385023494865e-01
2.746582031250e+02,1.383201265870e-01
2.749023437500e+02,1.381384781233e-01
2.751464843750e+02,1.379571776831e-01
2.753906250000e+02,1.377765650988e-01
2.756347656250e+02,1.375963586536e-01
2.758789062500e+02,1.374167744302e-01
2.761230468750e+02,1.372376186501e-01
2.763671875000e+02,1.370590282882e-01
2.766113281250e+02,1.368808869921e-01
2.768554687500e+02,1.367032597792e-01
2.770996093750e+02,1.365262258338e-01
2.773437500000e+02,1.363496433124e-01
2.775878906250e+02,1.361736730893e-01
2.778320312500e+02,1.359979130146e-01
2.780761718750e+02,1.358228793700e-01
2.783203125000e+02,1.356483046718e-01
2.785644531250e+02,1.354742295156e-01
2.788085937500e+02,1.353005450054e-01
2.790527343750e+02,1.351274515143e-01
2.792968750000e+02,1.349549196088e-01
2.795410156250e+02,1.347827985091e-01
2.797851562500e+02,1.346111307035e-01
2.800292968750e+02,1.344399825422e-01
2.802734375000e+02,1.342693332108e-01
2.805175781250e+02,1.340992295397e-01
2.807617187500e+02,1.339294258310e-01
2.810058593750e+02,1.337602240441e-01
2.812500000000e+02,1.335914124717e-01
2.814941406250e+02,1.334232465944e-01
2.817382812500e+02,1.332554469921e-01
2.819824218750e+02,1.330881490223e-01
2.822265625000e+02,1.329212951520e-01
2.824707031250e+02,1.327548797033e-01
2.827148437500e+02,1.325890002626e-01
2.829589843750e+02,1.324235789875e-01
2.832031250000e+02,1.322585545475e-01
2.834472656250e+02,1.320940529812e-01
2.836914062500e+02,1.319300785781e-01
2.839355468750e+02,1.317664105879e-01
2.841796875000e+02,1.316032732961e-01
2.844238281250e+02,1.314406052333e-01
2.846679687500e+02,1.312784394540e-01
2.849121093750e+02,1.311166604477e-01
2.851562500000e+02,1.309553421132e-01
2.854003906250e+02,1.307945550544e-01
2.856445312500e+02,1.306341152275e-01
2.858886718750e+02,1.304741485870e-01
2.861328125000e+02,1.303146370440e-01
2.863769531250e+02,1.301555806966e-01
2.866210937500e+02,1.299969631221e-01
2.868652343750e+02,1.298388290676e-01
2.871093750000e+02,1.296810000354e-01
2.873535156250e+02,1.295237692722e-01
2.875976562500e+02,1.293669004779e-01
2.878417968750e+02,1.292104674947e-01
2.880859375000e+02,1.290545007623e-01
2.883300781250e+02,1.288989376345e-01
2.885742187500e+02,1.287437924797e-01
2.888183593750e+02,1.285891937268e-01
2.890625000000e+02,1.284349751725e-01
2.893066406250e+02,1.282811504120e-01
2.895507812500e+02,1.281277139533e-01
2.897949218750e+02,1.279746886686e-01
2.900390625000e+02,1.278221803202e-01
2.902832031250e+02,1.276700601587e-01
2.905273437500e+02,1.275182928696e-01
2.907714843750e+02,1.273670256066e-01
2.910156250000e+02,1.272161910575e-01
2.912597656250e+02,1.270657325434e-01
2.915039062500e+02,1.269157040941e-01
2.917480468750e+02,1.267661169325e-01
2.919921875000e+02,1.266168913043e-01
2.922363281250e+02,1.264681632554e-01
2.924804687500e+02,1.263198114115e-01
2.927246093750e+02,1.261717978233e-01
2.929687500000e+02,1.260242466106e-01
2.932128906250e+02,1.258770686969e-01
2.934570312500e+02,1.257302669278e-01
2.937011718750e+02,1.255840210850e-01
2.939453125000e+02,1.254380791599e-01
2.941894531250e+02,1.252925326337e-01
2.944335937500e+02,1.251473120920e-01
2.946777343750e+02,1.250026434719e-01
2.949218750000e+02,1.248583519778e-01
2.951660156250e+02,1.247143823480e-01
2.954101562500e+02,1.245708299164e-01
2.956542968750e+02,1.244276998815e-01
2.958984375000e+02,1.242849459741e-01
2.961425781250e+02,1.241425796151e-01
2.963867187500e+02,1.240005809953e-01
2.966308593750e+02,1.238590196834e-01
2.968750000000e+02,1.237177808248e-01
2.971191406250e+02,1.235770108771e-01
2.973632812500e+02,1.234365874934e-01
2.976074218750e+02,1.232964698493e-01
2.978515625000e+02,1.231568611325e-01
2.980957031250e+02,1.230176636642e-01
2.983398437500e+02,1.228787382157e-01
2.985839843750e+02,1.227402089776e-01
2.988281250000e+02,1.226020995759e-01
2.990722656250e+02,1.224643274845e-01
2.993164062500e+02,1.223270050028e-01
2.995605468750e+02,1.221899074197e-01
2.998046875000e+02,1.220533319693e-01
3.000488281250e+02,1.219171025248e-01
3.002929687500e+02,1.217812003964e-01
3.005371093750e+02,1.216456263754e-01
3.007812500000e+02,1.215105416955e-01
3.010253906250e+02,1.213757116560e-01
3.012695312500e+02,1.212413798254e-01
3.015136718750e+02,1.211072752744e-01
3.017578125000e+02,1.209736295833e-01
3.020019531250e+02,1.208402680051e-01
3.022460937500e+02,1.207072924152e-01
3.024902343750e+02,1.205746866648e-01
3.027343750000e+02,1.204425146327e-01
3.029785156250e+02,1.203105623260e-01
3.032226562500e+02,1.201790776055e-01
3.034667968750e+02,1.200479274779e-01
3.037109375000e+02,1.199171924545e-01
3.039550781250e+02,1.197866830529e-01
3.041992187500e+02,1.196566238668e-01
3.044433593750e+02,1.195269010601e-01
3.046875000000e+02,1.193975207376e-01
3.049316406250e+02,1.192685212803e-01
3.051757812500e+02,1.191397783735e-01
3.054199218750e+02,1.190114781439e-01
3.056640625000e+02,1.188834147136e-01
3.059082031250e+02,1.187557528032e-01
3.061523437500e+02,1.186285412581e-01
3.063964843750e+02,1.185015002773e-01
3.066406250000e+02,1.183749067373e-01
3.068847656250e+02,1.182486537183e-01
3.071289062500e+02,1.181226919160e-01
3.073730468750e+02,1.179971315654e-01
3.076171875000e+02,1.178718201326e-01
3.078613281250e+02,1.177469360904e-01
3.081054687500e+02,1.176223560273e-01
3.083496093750e+02,1.174981045743e-01
3.085937500000e+02,1.173742042963e-01
3.088378906250e+02,1.172506688323e-01
3.090820312500e+02,1.171274118972e-01
3.093261718750e+02,1.170045082995e-01
3.095703125000e+02,1.168819335900e-01
3.098144531250e+02,1.167596960661e-01
3.100585937500e+02,1.166377985221e-01
3.103027343750e+02,1.165161946924e-01
3.105468750000e+02,1.163949937402e-01
3.107910156250e+02,1.162739766536e-01
3.110351562500e+02,1.161533911587e-01
3.112792968750e+02,1.160331257631e-01
3.115234375000e+02,1.159130974633e-01
3.117675781250e+02,1.157935268653e-01
3.120117187500e+02,1.156741967491e-01
3.122558593750e+02,1.155552035580e-01
3.125000000000e+02,1.154365550188e-01
3.127441406250e+02,1.153181643946e-01
3.129882812500e+02,1.152001457052e-01
3.132324218750e+02,1.150824475331e-01
3.134765625000e+02,1.149649699927e-01
3.137207031250e+02,1.148479058473e-01
3.139648437500e+02,1.147311417418e-01
3.142089843750e+02,1.146146360933e-01
3.144531250000e+02,1.144985438770e-01
3.146972656250e+02,1.143826778766e-01
3.149414062500e+02,1.142671838528e-01
3.151855468750e+02,1.141519624374e-01
3.154296875000e+02,1.140369779121e-01
3.156738281250e+02,1.139223893802e-01
3.159179687500e+02,1.138081095649e-01
3.161621093750e+02,1.136941203187e-01
3.164062500000e+02,1.135804511728e-01
3.166503906250e+02,1.134670327683e-01
3.168945312500e+02,1.133539924393e-01
3.171386718750e+02,1.132411548868e-01
3.173828125000e+02,1.131287619516e-01
3.176269531250e+02,1.130165846634e-01
3.178710937500e+02,1.129046864492e-01
3.181152343750e+02,1.127931576439e-01
3.183593750000e+02,1.126818195399e-01
3.186035156250e+02,1.125708628769e-01
3.188476562500e+02,1.124601749718e-01
3.190917968750e+02,1.123497381033e-01
3.193359375000e+02,1.122397057833e-01
3.195800781250e+02,1.121298952909e-01
3.198242187500e+02,1.120204051765e-01
3.200683593750e+02,1.119111746777e-01
3.203125000000e+02,1.118021859248e-01
3.205566406250e+02,1.116936161172e-01
3.208007812500e+02,1.115852278400e-01
3.210449218750e+02,1.114771839449e-01
3.212890625000e+02,1.113693829311e-01
3.215332031250e+02,1.112619991965e-01
3.217773437500e+02,1.111547740536e-01
3.220214843750e+02,1.110479239613e-01
3.222656250000e+02,1.109412903778e-01
3.225097656250e+02,1.108348839245e-01
3.227539062500e+02,1.107288781435e-01
3.229980468750e+02,1.106231000259e-01
3.232421875000e+02,1.105175553635e-01
3.234863281250e+02,1.104124223772e-01
3.237304687500e+02,1.103074544716e-01
3.239746093750e+02,1.102027741770e-01
3.242187500000e+02,1.100984209319e-01
3.244628906250e+02,1.099943411199e-01
3.247070312500e+02,1.098905144163e-01
3.249511718750e+02,1.097869895118e-01
3.251953125000e+02,1.096836545254e-01
3.254394531250e+02,1.095807452312e-01
3.256835937500e+02,1.094780269361e-01
3.259277343750e+02,1.093756080388e-01
3.261718750000e+02,1.092733752265e-01
3.264160156250e+02,1.091715228684e-01
3.266601562500e+02,1.090698761055e-01
3.269042968750e+02,1.089685376428e-01
3.271484375000e+02,1.088674889328e-01
3.273925781250e+02,1.087666569329e-01
3.276367187500e+02,1.086661102027e-01
3.278808593750e+02,1.085658090143e-01
3.281250000000e+02,1.084657498931e-01
3.283691406250e+02,1.083660612125e-01
3.286132812500e+02,1.082665352087e-01
3.288574218750e+02,1.081672888135e-01
3.291015625000e+02,1.080683314835e-01
3.293457031250e+02,1.079696872752e-01
3.295898437500e+02,1.078712728380e-01
3.298339843750e+02,1.077730633921e-01
3.300781250000e+02,1.076751785416e-01
3.303222656250e+02,1.075775446906e-01
3.305664062500e+02,1.074801256453e-01
3.308105468750e+02,1.073829940150e-01
3.310546875000e+02,1.072861007111e-01
3.312988281250e+02,1.071895224335e-01
3.315429687500e+02,1.070931211235e-01
3.317871093750e+02,1.069970485274e-01
3.320312500000e+02,1.069012163819e-01
3.322753906250e+02,1.068056327708e-01
3.325195312500e+02,1.067102477693e-01
3.327636718750e+02,1.066151859428e-01
3.330078125000e+02,1.065203193343e-01
3.332519531250e+02,1.064258165867e-01
3.334960937500e+02,1.063314292075e-01
3.337402343750e+02,1.062373593869e-01
3.339843750000e+02,1.061435699325e-01
3.342285156250e+02,1.060499238674e-01
3.344726562500e+02,1.059565826869e-01
3.347167968750e+02,1.058635589507e-01
3.349609375000e+02,1.057707121991e-01
3.352050781250e+02,1.056780942301e-01
3.354492187500e+02,1.055857580294e-01
3.356933593750e+02,1.054936252139e-01
3.359375000000e+02,1.054018491694e-01
3.361816406250e+02,1.053102032867e-01
3.364257812500e+02,1.052188568941e-01
3.366699218750e+02,1.051276376666e-01
3.369140625000e+02,1.050368070278e-01
3.371582031250e+02,1.049461551222e-01
3.374023437500e+02,1.048557870509e-01
3.376464843750e+02,1.047656243756e-01
3.378906250000e+02,1.046757229802e-01
3.381347656250e+02,1.045859976977e-01
3.383789062500e+02,1.044965809553e-01
3.386230468750e+02,1.044073900234e-01
3.388671875000e+02,1.043183874228e-01
3.391113281250e+02,1.042296839002e-01
3.393554687500e+02,1.041411819857e-01
3.395996093750e+02,1.040529362449e-01
3.398437500000e+02,1.039649045202e-01
3.400878906250e+02,1.038771075314e-01
3.403320312500e+02,1.037895996633e-01
3.405761718750e+02,1.037021718163e-01
3.408203125000e+02,1.036151267927e-01
3.410644531250e+02,1.035282352460e-01
3.413085937500e+02,1.034415956515e-01
3.415527343750e+02,1.033552494080e-01
3.417968750000e+02,1.032690498702e-01
3.420410156250e+02,1.031830857550e-01
3.422851562500e+02,1.030973888308e-01
3.425292968750e+02,1.030119621157e-01
3.427734375000e+02,1.029266800132e-01
3.430175781250e+02,1.028416307002e-01
3.432617187500e+02,1.027568175447e-01
3.435058593750e+02,1.026722893624e-01
3.437500000000e+02,1.025879130899e-01
3.439941406250e+02,1.025037716940e-01
3.442382812500e+02,1.024198643322e-01
3.444824218750e+02,1.023362238581e-01
3.447265625000e+02,1.022527343123e-01
3.449707031250e+02,1.021695103071e-01
3.452148437500e+02,1.020865079078e-01
3.454589843750e+02,1.020037147623e-01
3.457031250000e+02,1.019211176660e-01
3.459472656250e+02,1.018387959380e-01
3.461914062500e+02,1.017566697218e-01
3.464355468750e+02,1.016747334425e-01
3.466796875000e+02,1.015930597682e-01
3.469238281250e+02,1.015115910502e-01
3.471679687500e+02,1.014302918362e-01
3.474121093750e+02,1.013492767843e-01
3.476562500000e+02,1.012684459606e-01
3.479003906250e+02,1.011878773826e-01
3.481445312500e+02,1.011074979299e-01
3.483886718750e+02,1.010273074374e-01
3.486328125000e+02,1.009473238929e-01
3.488769531250e+02,1.008675494045e-01
3.491210937500e+02,1.007880405441e-01
3.493652343750e+02,1.007087251410e-01
3.496093750000e+02,1.006296084162e-01
3.498535156250e+02,1.005506911677e-01
3.500976562500e+02,1.004720405782e-01
3.503417968750e+02,1.003935417425e-01
3.505859375000e+02,1.003152443966e-01
3.508300781250e+02,1.002372299091e-01
3.510742187500e+02,1.001593968099e-01
3.513183593750e+02,1.000817458360e-01
3.515625000000e+02,1.000043062733e-01
3.518066406250e+02,9.992708165605e-02
3.520507812500e+02,9.985003167236e-02
3.522949218750e+02,9.977320875370e-02
3.525390625000e+02,9.969660290064e-02
3.527832031250e+02,9.962022349902e-02
3.530273437500e+02,9.954401558814e-02
3.532714843750e+02,9.946798594528e-02
3.535156250000e+02,9.939226846182e-02
3.537597656250e+02,9.931668790249e-02
3.540039062500e+02,9.924125566497e-02
3.542480468750e+02,9.916610705238e-02
3.544921875000e+02,9.909113340356e-02
3.547363281250e+02,9.901635107423e-02
3.549804687500e+02,9.894178316961e-02
3.552246093750e+02,9.886739562692e-02
3.554687500000e+02,9.879326799161e-02
3.557128906250e+02,9.871928333101e-02
3.559570312500e+02,9.864554197482e-02
3.562011718750e+02,9.857190574488e-02
3.564453125000e+02,9.849856051557e-02
3.566894531250e+02,9.842538720103e-02
3.569335937500e+02,9.835240404774e-02
3.571777343750e+02,9.827964644983e-02
3.574218750000e+02,9.820700310167e-02
3.576660156250e+02,9.813463449688e-02
3.579101562500e+02,9.806247828653e-02
3.581542968750e+02,9.799045273299e-02
3.583984375000e+02,9.791864727959e-02
3.586425781250e+02,9.784704137991e-02
3.588867187500e+02,9.777563356775e-02
3.591308593750e+02,9.770438273003e-02
3.593750000000e+02,9.763338223104e-02
3.596191406250e+02,9.756252569488e-02
3.598632812500e+02,9.749192290351e-02
3.601074218750e+02,9.742142893525e-02
3.603515625000e+02,9.735115309526e-02
3.605957031250e+02,9.728106897942e-02
3.608398437500e+02,9.721119832321e-02
3.610839843750e+02,9.714152202081e-02
3.613281250000e+02,9.707202349998e-02
3.615722656250e+02,9.700268632426e-02
3.618164062500e+02,9.693353942785e-02
3.620605468750e+02,9.686463224041e-02
3.623046875000e+02,9.679588197504e-02
3.625488281250e+02,9.672732489408e-02
3.627929687500e+02,9.665891615523e-02
3.630371093750e+02,9.659075187032e-02
3.632812500000e+02,9.652273664537e-02
3.635253906250e+02,9.645491803928e-02
3.637695312500e+02,9.638728116217e-02
3.640136718750e+02,9.631981728238e-02
3.642578125000e+02,9.625257520227e-02
3.645019531250e+02,9.618545507737e-02
3.647460937500e+02,9.611857129323e-02
3.649902343750e+02,9.605188282198e-02
3.652343750000e+02,9.598536615585e-02
3.654785156250e+02,9.591899013821e-02
3.657226562500e+02,9.585282441015e-02
3.659667968750e+02,9.578683338685e-02
3.662109375000e+02,9.572098644452e-02
3.664550781250e+02,9.565540090764e-02
3.666992187500e+02,9.558994235354e-02
3.669433593750e+02,9.552467160931e-02
3.671875000000e+02,9.545958297256e-02
3.674316406250e+02,9.539468848400e-02
3.676757812500e+02,9.532991985012e-02
3.679199218750e+02,9.526539849801e-02
3.681640625000e+02,9.520100543229e-02
3.684082031250e+02,9.513685641510e-02
3.686523437500e+02,9.507278991123e-02
3.688964843750e+02,9.500895451488e-02
3.691406250000e+02,9.494527993318e-02
3.693847656250e+02,9.488177987102e-02
3.696289062500e+02,9.481847376245e-02
3.698730468750e+02,9.475533306633e-02
3.701171875000e+02,9.469232475501e-02
3.703613281250e+02,9.462957659914e-02
3.706054687500e+02,9.456695101546e-02
3.708496093750e+02,9.450453221808e-02
3.710937500000e+02,9.444225499191e-02
3.713378906250e+02,9.438014286342e-02
3.715820312500e+02,9.431819259891e-02
3.718261718750e+02,9.425644012831e-02
3.720703125000e+02,9.419487621661e-02
3.723144531250e+02,9.413347027973e-02
3.725585937500e+02,9.407219343635e-02
3.728027343750e+02,9.401115839263e-02
3.730468750000e+02,9.395027422310e-02
3.732910156250e+02,9.388951250481e-02
3.735351562500e+02,9.382898856579e-02
3.737792968750e+02,9.376851085506e-02
3.740234375000e+02,9.370835820567e-02
3.742675781250e+02,9.364826343783e-02
3.745117187500e+02,9.358838405391e-02
3.747558593750e+02,9.352868425968e-02
3.750000000000e+02,9.346912459817e-02
3.752441406250e+02,9.340973347892e-02
3.754882812500e+02,9.335050063871e-02
3.757324218750e+02,9.329146268029e-02
3.759765625000e+02,9.323256655106e-02
3.762207031250e+02,9.317385853610e-02
3.764648437500e+02,9.311527226534e-02
3.767089843750e+02,9.305688511114e-02
3.769531250000e+02,9.299868611364e-02
3.771972656250e+02,9.294059086713e-02
3.774414062500e+02,9.288272516252e-02
3.776855468750e+02,9.282494719869e-02
3.779296875000e+02,9.276740543970e-02
3.781738281250e+02,9.270999486826e-02
3.784179687500e+02,9.265270066103e-02
3.786621093750e+02,9.259562517443e-02
3.789062500000e+02,9.253872971450e-02
3.791503906250e+02,9.248194264020e-02
3.793945312500e+02,9.242537498987e-02
3.796386718750e+02,9.236892300404e-02
3.798828125000e+02,9.231265136058e-02
3.801269531250e+02,9.225651984512e-02
3.803710937500e+02,9.220055339252e-02
3.806152343750e+02,9.214476265657e-02
3.808593750000e+02,9.208912604680e-02
3.811035156250e+02,9.203361923160e-02
3.813476562500e+02,9.197832472670e-02
3.815917968750e+02,9.192314430044e-02
3.818359375000e+02,9.186812195194e-02
3.820800781250e+02,9.181325655220e-02
3.823242187500e+02,9.175856357944e-02
3.825683593750e+02,9.170405538695e-02
3.828125000000e+02,9.164965623242e-02
3.830566406250e+02,9.159547344729e-02
3.833007812500e+02,9.154139218971e-02
3.835449218750e+02,9.148743506919e-02
3.837890625000e+02,9.143370200346e-02
3.840332031250e+02,9.138009491259e-02
3.842773437500e+02,9.132663609306e-02
3.845214843750e+02,9.127332428862e-02
3.847656250000e+02,9.122021532275e-02
3.850097656250e+02,9.116722275614e-02
3.852539062500e+02,9.111438266389e-02
3.854980468750e+02,9.106169833431e-02
3.857421875000e+02,9.100919642733e-02
3.859863281250e+02,9.095679415063e-02
3.862304687500e+02,9.090459993536e-02
3.864746093750e+02,9.085251279874e-02
3.867187500000e+02,9.080060411490e-02
3.869628906250e+02,9.074885037759e-02
3.872070312500e+02,9.069722324532e-02
3.874511718750e+02,9.064576715544e-02
3.876953125000e+02,9.059445644212e-02
3.879394531250e+02,9.054326160543e-02
3.881835937500e+02,9.049224934669e-02
3.884277343750e+02,9.044138900527e-02
3.886718750000e+02,9.039070050375e-02
3.889160156250e+02,9.034009736907e-02
3.891601562500e+02,9.028970528981e-02
3.894042968750e+02,9.023946041583e-02
3.896484375000e+02,9.018931361408e-02
3.898925781250e+02,9.013932467747e-02
3.901367187500e+02,9.008955285915e-02
3.903808593750e+02,9.003985424303e-02
3.906250000000e+02,8.999032129549e-02
3.908691406250e+02,8.994090883222e-02
3.911132812500e+02,8.989171160759e-02
3.913574218750e+02,8.984256034653e-02
3.916015625000e+02,8.979365883027e-02
3.918457031250e+02,8.974484529399e-02
3.920898437500e+02,8.969622544432e-02
3.923339843750e+02,8.964771714540e-02
3.925781250000e+02,8.959932418134e-02
3.928222656250e+02,8.955111597082e-02
3.930664062500e+02,8.950302847642e-02
3.933105468750e+02,8.945510394558e-02
3.935546875000e+02,8.940733958684e-02
3.937988281250e+02,8.935968101773e-02
3.940429687500e+02,8.931218798754e-02
3.942871093750e+02,8.926482021761e-02
3.945312500000e+02,8.921761421656e-02
3.947753906250e+02,8.917055467147e-02
3.950195312500e+02,8.912359006339e-02
3.952636718750e+02,8.907683755689e-02
3.955078125000e+02,8.903015274360e-02
3.957519531250e+02,8.898367622111e-02
3.959960937500e+02,8.893731580813e-02
3.962402343750e+02,8.889109753959e-02
3.964843750000e+02,8.884499397759e-02
3.967285156250e+02,8.879906466515e-02
3.969726562500e+02,8.875326298375e-02
3.972167968750e+02,8.870760247789e-02
3.974609375000e+02,8.866208315453e-02
3.977050781250e+02,8.861669563835e-02
3.979492187500e+02,8.857145058699e-02
3.981933593750e+02,8.852636969169e-02
3.984375000000e+02,8.848137861503e-02
3.986816406250e+02,8.843654907377e-02
3.989257812500e+02,8.839187763566e-02
3.991699218750e+02,8.834733702419e-02
3.994140625000e+02,8.830289402450e-02
3.996582031250e+02,8.825860023486e-02
3.999023437500e+02,8.821451252798e-02
4.001464843750e+02,8.817046025478e-02
4.003906250000e+02,8.812662278494e-02
4.006347656250e+02,8.808288961083e-02
4.008789062500e+02,8.803928376461e-02
4.011230468750e+02,8.799582348131e-02
4.013671875000e+02,8.795253363840e-02
4.016113281250e+02,8.790933638337e-02
4.018554687500e+02,8.786629766377e-02
4.020996093750e+02,8.782338864400e-02
4.023437500000e+02,8.778062324786e-02
4.025878906250e+02,8.773795268114e-02
4.028320312500e+02,8.769545533265e-02
4.030761718750e+02,8.765305865135e-02
4.033203125000e+02,8.761082516050e-02
4.035644531250e+02,8.756870119491e-02
4.038085937500e+02,8.752674696268e-02
4.040527343750e+02,8.748491030968e-02
4.042968750000e+02,8.744321457315e-02
4.045410156250e+02,8.740160833140e-02
4.047851562500e+02,8.736017177237e-02
4.050292968750e+02,8.731887440971e-02
4.052734375000e+02,8.727767877573e-02
4.055175781250e+02,8.723665294856e-02
4.057617187500e+02,8.719572388109e-02
4.060058593750e+02,8.715493318610e-02
4.062500000000e+02,8.711428230941e-02
4.064941406250e+02,8.707376596363e-02
4.067382812500e+02,8.703338938620e-02
4.069824218750e+02,8.699311463781e-02
4.072265625000e+02,8.695299006865e-02
4.074707031250e+02,8.691295657539e-02
4.077148437500e+02,8.687311292740e-02
4.079589843750e+02,8.683337190153e-02
4.082031250000e+02,8.679376689557e-02
4.084472656250e+02,8.675427037859e-02
4.086914062500e+02,8.671491179592e-02
4.089355468750e+02,8.667569096409e-02
4.091796875000e+02,8.663660368940e-02
4.094238281250e+02,8.659763445398e-02
4.096679687500e+02,8.655880038485e-02
4.099121093750e+02,8.652007806850e-02
4.101562500000e+02,8.648150606888e-02
4.104003906250e+02,8.644304974129e-02
4.106445312500e+02,8.640471038049e-02
4.108886718750e+02,8.636652784403e-02
4.111328125000e+02,8.632846533671e-02
4.113769531250e+02,8.629050094353e-02
4.116210937500e+02,8.625269254365e-02
4.118652343750e+02,8.621498420288e-02
4.121093750000e+02,8.617740321236e-02
4.123535156250e+02,8.613998496747e-02
4.125976562500e+02,8.610266018962e-02
4.128417968750e+02,8.606547041051e-02
4.130859375000e+02,8.602840992991e-02
4.133300781250e+02,8.599147603671e-02
4.135742187500e+02,8.595465724971e-02
4.138183593750e+02,8.591796879861e-02
4.140625000000e+02,8.588139958718e-02
4.143066406250e+02,8.584496466184e-02
4.145507812500e+02,8.580863957248e-02
4.147949218750e+02,8.577244812817e-02
4.150390625000e+02,8.573638603081e-02
4.152832031250e+02,8.570043018530e-02
4.155273437500e+02,8.566459454426e-02
4.157714843750e+02,8.562892029047e-02
4.160156250000e+02,8.559335301675e-02
4.162597656250e+02,8.555790114816e-02
4.165039062500e+02,8.552257588182e-02
4.167480468750e+02,8.548739055879e-02
4.169921875000e+02,8.545225590496e-02
4.172363281250e+02,8.541732861158e-02
4.174804687500e+02,8.538248615980e-02
4.177246093750e+02,8.534775302259e-02
4.179687500000e+02,8.531315873663e-02
4.182128906250e+02,8.527867741968e-02
4.184570312500e+02,8.524431451607e-02
4.187011718750e+02,8.521012883851e-02
4.189453125000e+02,8.517600469545e-02
4.191894531250e+02,8.514199930217e-02
4.194335937500e+02,8.510812927431e-02
4.196777343750e+02,8.507437327251e-02
4.199218750000e+02,8.504073854270e-02
4.201660156250e+02,8.500723719966e-02
4.204101562500e+02,8.497385776716e-02
4.206542968750e+02,8.494057753285e-02
4.208984375000e+02,8.490740262146e-02
4.211425781250e+02,8.487442136367e-02
4.213867187500e+02,8.484148169488e-02
4.216308593750e+02,8.480868717489e-02
4.218750000000e+02,8.477601814088e-02
4.221191406250e+02,8.474344705102e-02
4.223632812500e+02,8.471104747336e-02
4.226074218750e+02,8.467871028465e-02
4.228515625000e+02,8.464652541608e-02
4.230957031250e+02,8.461444608564e-02
4.233398437500e+02,8.458246743524e-02
4.235839843750e+02,8.455062333508e-02
4.238281250000e+02,8.451889211104e-02
4.240722656250e+02,8.448727741787e-02
4.243164062500e+02,8.445577821221e-02
4.245605468750e+02,8.442440561648e-02
4.248046875000e+02,8.439315630008e-02
4.250488281250e+02,8.436199436085e-02
4.252929687500e+02,8.433097295825e-02
4.255371093750e+02,8.430006802123e-02
4.257812500000e+02,8.426927189514e-02
4.260253906250e+02,8.423857961056e-02
4.262695312500e+02,8.420801765384e-02
4.265136718750e+02,8.417758325102e-02
4.267578125000e+02,8.414725514534e-02
4.270019531250e+02,8.411704374427e-02
4.272460937500e+02,8.408695011324e-02
4.274902343750e+02,8.405695060008e-02
4.277343750000e+02,8.402709607772e-02
4.279785156250e+02,8.399731788145e-02
4.282226562500e+02,8.396769676093e-02
4.284667968750e+02,8.393816425473e-02
4.287109375000e+02,8.390873318455e-02
4.289550781250e+02,8.387945428883e-02
4.291992187500e+02,8.385026417627e-02
4.294433593750e+02,8.382121400888e-02
4.296875000000e+02,8.379223664821e-02
4.299316406250e+02,8.376339197727e-02
4.301757812500e+02,8.373468248097e-02
4.304199218750e+02,8.370606826264e-02
4.306640625000e+02,8.367755383571e-02
4.309082031250e+02,8.364917968449e-02
4.311523437500e+02,8.362089475138e-02
4.313964843750e+02,8.359273050196e-02
4.316406250000e+02,8.356468413543e-02
4.318847656250e+02,8.353674115511e-02
4.321289062500e+02,8.350893085166e-02
4.323730468750e+02,8.348121716776e-02
4.326171875000e+02,8.345359129977e-02
4.328613281250e+02,8.342610401762e-02
4.331054687500e+02,8.339873673066e-02
4.333496093750e+02,8.337148339094e-02
4.335937500000e+02,8.334431072054e-02
4.338378906250e+02,8.331727099754e-02
4.340820312500e+02,8.329034012245e-02
4.343261718750e+02,8.326352258502e-02
4.345703125000e+02,8.323681377005e-02
4.348144531250e+02,8.321021971065e-02
4.350585937500e+02,8.318373308913e-02
4.353027343750e+02,8.315735648566e-02
4.355468750000e+02,8.313108629378e-02
4.357910156250e+02,8.310493127430e-02
4.360351562500e+02,8.307888603281e-02
4.362792968750e+02,8.305295676166e-02
4.365234375000e+02,8.302711472468e-02
4.367675781250e+02,8.300138986858e-02
4.370117187500e+02,8.297581077862e-02
4.372558593750e+02,8.295030142081e-02
4.375000000000e+02,8.292490331586e-02
4.377441406250e+02,8.289964184353e-02
4.379882812500e+02,8.287445693482e-02
4.382324218750e+02,8.284940440250e-02
4.384765625000e+02,8.282444955679e-02
4.387207031250e+02,8.279959742558e-02
4.389648437500e+02,8.277488823742e-02
4.392089843750e+02,8.275025059370e-02
4.394531250000e+02,8.272574221382e-02
4.396972656250e+02,8.270132959242e-02
4.399414062500e+02,8.267702799822e-02
4.401855468750e+02,8.265282611233e-02
4.404296875000e+02,8.262875030919e-02
4.406738281250e+02,8.260476563710e-02
4.409179687500e+02,8.258089848759e-02
4.411621093750e+02,8.255713859936e-02
4.414062500000e+02,8.253349104646e-02
4.416503906250e+02,8.250994934024e-02
4.418945312500e+02,8.248651220193e-02
4.421386718750e+02,8.246315529755e-02
4.423828125000e+02,8.243995126498e-02
4.426269531250e+02,8.241683504676e-02
4.428710937500e+02,8.239382218066e-02
4.431152343750e+02,8.237091605291e-02
4.433593750000e+02,8.234812223912e-02
4.436035156250e+02,8.232542540493e-02
4.438476562500e+02,8.230284132323e-02
4.440917968750e+02,8.228036627219e-02
4.443359375000e+02,8.225796774068e-02
4.445800781250e+02,8.223571914992e-02
4.448242187500e+02,8.221355509933e-02
4.450683593750e+02,8.219151903025e-02
4.453125000000e+02,8.216954810153e-02
4.455566406250e+02,8.214771269445e-02
4.458007812500e+02,8.212596005139e-02
4.460449218750e+02,8.210433529584e-02
4.462890625000e+02,8.208280746328e-02
4.465332031250e+02,8.206137824080e-02
4.467773437500e+02,8.204006845960e-02
4.470214843750e+02,8.201887147300e-02
4.472656250000e+02,8.199775310662e-02
4.475097656250e+02,8.197674383636e-02
4.477539062500e+02,8.195584242619e-02
4.479980468750e+02,8.193505961953e-02
4.482421875000e+02,8.191434107499e-02
4.484863281250e+02,8.189377592762e-02
4.487304687500e+02,8.187329252127e-02
4.489746093750e+02,8.185291317728e-02
4.492187500000e+02,8.183263346142e-02
4.494628906250e+02,8.181247189498e-02
4.497070312500e+02,8.179239922707e-02
4.499511718750e+02,8.177243485047e-02
4.501953125000e+02,8.175258085386e-02
4.504394531250e+02,8.173282297067e-02
4.506835937500e+02,8.171317095437e-02
4.509277343750e+02,8.169362803354e-02
4.511718750000e+02,8.167417849381e-02
4.514160156250e+02,8.165483607882e-02
4.516601562500e+02,8.163560512326e-02
4.519042968750e+02,8.161646774215e-02
4.521484375000e+02,8.159743012092e-02
4.523925781250e+02,8.157848947198e-02
4.526367187500e+02,8.155967655541e-02
4.528808593750e+02,8.154094923590e-02
4.531250000000e+02,8.152231689604e-02
4.533691406250e+02,8.150380751594e-02
4.536132812500e+02,8.148538783571e-02
4.538574218750e+02,8.146707026126e-02
4.541015625000e+02,8.144885274293e-02
4.543457031250e+02,8.143074467076e-02
4.545898437500e+02,8.141273500203e-02
4.548339843750e+02,8.139482213329e-02
4.550781250000e+02,8.137701791349e-02
4.553222656250e+02,8.135930659667e-02
4.555664062500e+02,8.134171420742e-02
4.558105468750e+02,8.132420400022e-02
4.560546875000e+02,8.130681263689e-02
4.562988281250e+02,8.128951315547e-02
4.565429687500e+02,8.127230782793e-02
4.567871093750e+02,8.125521906030e-02
4.570312500000e+02,8.123821962872e-02
4.572753906250e+02,8.122131758302e-02
4.575195312500e+02,8.120453313690e-02
4.577636718750e+02,8.118784137327e-02
4.580078125000e+02,8.117124885069e-02
4.582519531250e+02,8.115475386782e-02
4.584960937500e+02,8.113837021912e-02
4.587402343750e+02,8.112207503094e-02
4.589843750000e+02,8.110588187607e-02
4.592285156250e+02,8.108979807896e-02
4.594726562500e+02,8.107380349136e-02
4.597167968750e+02,8.105791197828e-02
4.599609375000e+02,8.104213243001e-02
4.602050781250e+02,8.102643295163e-02
4.604492187500e+02,8.101084915793e-02
4.606933593750e+02,8.099536058738e-02
4.609375000000e+02,8.097996795783e-02
4.611816406250e+02,8.096468353440e-02
4.614257812500e+02,8.094949247075e-02
4.616699218750e+02,8.093440648062e-02
4.619140625000e+02,8.091941167228e-02
4.621582031250e+02,8.090451578343e-02
4.624023437500e+02,8.088971931067e-02
4.626464843750e+02,8.087503858896e-02
4.628906250000e+02,8.086044757372e-02
4.631347656250e+02,8.084594083438e-02
4.633789062500e+02,8.083154895710e-02
4.636230468750e+02,8.081726062679e-02
4.638671875000e+02,8.080306556864e-02
4.641113281250e+02,8.078896417738e-02
4.643554687500e+02,8.077497060658e-02
4.645996093750e+02,8.076106859618e-02
4.648437500000e+02,8.074726839135e-02
4.650878906250e+02,8.073355608139e-02
4.653320312500e+02,8.071996094206e-02
4.655761718750e+02,8.070645955752e-02
4.658203125000e+02,8.069304593636e-02
4.660644531250e+02,8.067974334673e-02
4.663085937500e+02,8.066652282148e-02
4.665527343750e+02,8.065341107636e-02
4.667968750000e+02,8.064039633704e-02
4.670410156250e+02,8.062747650074e-02
4.672851562500e+02,8.061466235443e-02
4.675292968750e+02,8.060194267942e-02
4.677734375000e+02,8.058931517213e-02
4.680175781250e+02,8.057679313886e-02
4.682617187500e+02,8.056437066622e-02
4.685058593750e+02,8.055203962123e-02
4.687500000000e+02,8.053980866703e-02
4.689941406250e+02,8.052767344779e-02
4.692382812500e+02,8.051564474992e-02
4.694824218750e+02,8.050369668477e-02
4.697265625000e+02,8.049185823515e-02
4.699707031250e+02,8.048011365581e-02
4.702148437500e+02,8.046847069345e-02
4.704589843750e+02,8.045692287215e-02
4.707031250000e+02,8.044546656804e-02
4.709472656250e+02,8.043411245895e-02
4.711914062500e+02,8.042284897314e-02
4.714355468750e+02,8.041169307678e-02
4.716796875000e+02,8.040062657796e-02
4.719238281250e+02,8.038966419967e-02
4.721679687500e+02,8.037879155183e-02
4.724121093750e+02,8.036802367913e-02
4.726562500000e+02,8.035734724833e-02
4.729003906250e+02,8.034676459666e-02
4.731445312500e+02,8.033628003818e-02
4.733886718750e+02,8.032589852908e-02
4.736328125000e+02,8.031561739364e-02
4.738769531250e+02,8.030541954841e-02
4.741210937500e+02,8.029532142013e-02
4.743652343750e+02,8.028532355471e-02
4.746093750000e+02,8.027542457439e-02
4.748535156250e+02,8.026561419705e-02
4.750976562500e+02,8.025590522695e-02
4.753417968750e+02,8.024628987800e-02
4.755859375000e+02,8.023676768909e-02
4.758300781250e+02,8.022735078687e-02
4.760742187500e+02,8.021802408108e-02
4.763183593750e+02,8.020879189143e-02
4.765625000000e+02,8.019966169617e-02
4.768066406250e+02,8.019062758752e-02
4.770507812500e+02,8.018168389432e-02
4.772949218750e+02,8.017283672813e-02
4.775390625000e+02,8.016409005442e-02
4.777832031250e+02,8.015543430665e-02
4.780273437500e+02,8.014687746910e-02
4.782714843750e+02,8.013841297877e-02
4.785156250000e+02,8.013004796192e-02
4.787597656250e+02,8.012177796960e-02
4.790039062500e+02,8.011359984594e-02
4.792480468750e+02,8.010552446038e-02
4.794921875000e+02,8.009753905350e-02
4.797363281250e+02,8.008964970684e-02
4.799804687500e+02,8.008185684748e-02
4.802246093750e+02,8.007415848634e-02
4.804687500000e+02,8.006655184095e-02
4.807128906250e+02,8.005904618103e-02
4.809570312500e+02,8.005163850718e-02
4.812011718750e+02,8.004432274052e-02
4.814453125000e+02,8.003710502411e-02
4.816894531250e+02,8.002997615407e-02
4.819335937500e+02,8.002295081791e-02
4.821777343750e+02,8.001601331169e-02
4.824218750000e+02,8.000917051635e-02
4.826660156250e+02,8.000242848328e-02
4.829101562500e+02,7.999577827152e-02
4.831542968750e+02,7.998922437758e-02
4.833984375000e+02,7.998275934449e-02
4.836425781250e+02,7.997639417541e-02
4.838867187500e+02,7.997012865735e-02
4.841308593750e+02,7.996395369301e-02
4.843750000000e+02,7.995787025975e-02
4.846191406250e+02,7.995188752231e-02
4.848632812500e+02,7.994599839166e-02
4.851074218750e+02,7.994020215202e-02
4.853515625000e+02,7.993450551763e-02
4.855957031250e+02,7.992889715529e-02
4.858398437500e+02,7.992338322485e-02
4.860839843750e+02,7.991796684045e-02
4.863281250000e+02,7.991264870325e-02
4.865722656250e+02,7.990741925404e-02
4.868164062500e+02,7.990228463008e-02
4.870605468750e+02,7.989724808235e-02
4.873046875000e+02,7.989230584376e-02
4.875488281250e+02,7.988745696321e-02
4.877929687500e+02,7.988270277672e-02
4.880371093750e+02,7.987804315056e-02
4.882812500000e+02,7.987347798825e-02
4.885253906250e+02,7.986900721671e-02
4.887695312500e+02,7.986463070106e-02
4.890136718750e+02,7.986034896037e-02
4.892578125000e+02,7.985615831321e-02
4.895019531250e+02,7.985206677926e-02
4.897460937500e+02,7.984806631810e-02
4.899902343750e+02,7.984416194659e-02
4.902343750000e+02,7.984035361741e-02
4.904785156250e+02,7.983663909665e-02
4.907226562500e+02,7.983301758595e-02
4.909667968750e+02,7.982949131549e-02
4.912109375000e+02,7.982605678468e-02
4.914550781250e+02,7.982271828091e-02
4.916992187500e+02,7.981947452343e-02
4.919433593750e+02,7.981632430832e-02
4.921875000000e+02,7.981326746065e-02
4.924316406250e+02,7.981030494203e-02
4.926757812500e+02,7.980743769647e-02
4.929199218750e+02,7.980466437989e-02
4.931640625000e+02,7.980198521467e-02
4.934082031250e+02,7.979939915300e-02
4.936523437500e+02,7.979690783145e-02
4.938964843750e+02,7.979451026657e-02
4.941406250000e+02,7.979220787656e-02
4.943847656250e+02,7.978999985975e-02
4.946289062500e+02,7.978788528119e-02
4.948730468750e+02,7.978586398876e-02
4.951171875000e+02,7.978393831421e-02
4.953613281250e+02,7.978210382832e-02
4.956054687500e+02,7.978036622563e-02
4.958496093750e+02,7.977872055892e-02
4.960937500000e+02,7.977717017234e-02
4.963378906250e+02,7.977571387085e-02
4.965820312500e+02,7.977435014585e-02
4.968261718750e+02,7.977308222183e-02
4.970703125000e+02,7.977190769307e-02
4.973144531250e+02,7.977082725740e-02
4.975585937500e+02,7.976984054109e-02
4.978027343750e+02,7.976894786795e-02
4.980468750000e+02,7.976814936097e-02
4.982910156250e+02,7.976744470610e-02
4.985351562500e+02,7.976683378739e-02
4.987792968750e+02,7.976631676413e-02
4.990234375000e+02,7.976589426015e-02
4.992675781250e+02,7.976556538692e-02
4.995117187500e+02,7.976533046454e-02
4.997558593750e+02,7.976518961159e-02
5.000000000000e+02,7.976514264150e-02
